Judge_name,Judge_ID,Location,email
Ilan,1,ירושלים,Ilan@justice.com
Shlomi,2,ירושלים,Shlomi@justice.com
Hananya,3,ירושלים,Hananya@justice.com
Miki,4,ירושלים,Miki@justice.com
Rachel,5,ירושלים,Rachel@justice.com
Meirav,6,ירושלים,Meirav@justice.com
Asaf,7,ירושלים,Asaf@justice.com
Yoav,8,ירושלים,Yoav@justice.com
Miki,4,באר שבע,Miki@justice.com
Ilan,1,חיפה,Ilan@justice.com
Buffy,9,תל אביב,Buffy@justice.com
Dotan,10,תל אביב,Dotan@justice.com
